DateKey,DayofWeek,Day,DayofMonth,DayofYear,WeekofYear,MonthName,MonthShort,MonthofYear,Quarter,Year,FiscalQuarter,FiscalYear
20190101,3,Tuesday,1,1,1,January,Jan,1,1,2019,3,2018
20190102,4,Wednesday,2,2,1,January,Jan,1,1,2019,3,2018
20190103,5,Thursday,3,3,1,January,Jan,1,1,2019,3,2018
20190104,6,Friday,4,4,1,January,Jan,1,1,2019,3,2018
20190105,7,Saturday,5,5,1,January,Jan,1,1,2019,3,2018
20190106,1,Sunday,6,6,2,January,Jan,1,1,2019,3,2018
20190107,2,Monday,7,7,2,January,Jan,1,1,2019,3,2018
20190108,3,Tuesday,8,8,2,January,Jan,1,1,2019,3,2018
20190109,4,Wednesday,9,9,2,January,Jan,1,1,2019,3,2018
20190110,5,Thursday,10,10,2,January,Jan,1,1,2019,3,2018
20190111,6,Friday,11,11,2,January,Jan,1,1,2019,3,2018
20190112,7,Saturday,12,12,2,January,Jan,1,1,2019,3,2018
20190113,1,Sunday,13,13,3,January,Jan,1,1,2019,3,2018
20190114,2,Monday,14,14,3,January,Jan,1,1,2019,3,2018
20190115,3,Tuesday,15,15,3,January,Jan,1,1,2019,3,2018
20190116,4,Wednesday,16,16,3,January,Jan,1,1,2019,3,2018
20190117,5,Thursday,17,17,3,January,Jan,1,1,2019,3,2018
20190118,6,Friday,18,18,3,January,Jan,1,1,2019,3,2018
20190119,7,Saturday,19,19,3,January,Jan,1,1,2019,3,2018
20190120,1,Sunday,20,20,4,January,Jan,1,1,2019,3,2018
20190121,2,Monday,21,21,4,January,Jan,1,1,2019,3,2018
20190122,3,Tuesday,22,22,4,January,Jan,1,1,2019,3,2018
20190123,4,Wednesday,23,23,4,January,Jan,1,1,2019,3,2018
20190124,5,Thursday,24,24,4,January,Jan,1,1,2019,3,2018
20190125,6,Friday,25,25,4,January,Jan,1,1,2019,3,2018
20190126,7,Saturday,26,26,4,January,Jan,1,1,2019,3,2018
20190127,1,Sunday,27,27,5,January,Jan,1,1,2019,3,2018
20190128,2,Monday,28,28,5,January,Jan,1,1,2019,3,2018
20190129,3,Tuesday,29,29,5,January,Jan,1,1,2019,3,2018
20190130,4,Wednesday,30,30,5,January,Jan,1,1,2019,3,2018
20190131,5,Thursday,31,31,5,January,Jan,1,1,2019,3,2018
20190201,6,Friday,1,32,5,February,Feb,2,1,2019,3,2018
20190202,7,Saturday,2,33,5,February,Feb,2,1,2019,3,2018
20190203,1,Sunday,3,34,6,February,Feb,2,1,2019,3,2018
20190204,2,Monday,4,35,6,February,Feb,2,1,2019,3,2018
20190205,3,Tuesday,5,36,6,February,Feb,2,1,2019,3,2018
20190206,4,Wednesday,6,37,6,February,Feb,2,1,2019,3,2018
20190207,5,Thursday,7,38,6,February,Feb,2,1,2019,3,2018
20190208,6,Friday,8,39,6,February,Feb,2,1,2019,3,2018
20190209,7,Saturday,9,40,6,February,Feb,2,1,2019,3,2018
20190210,1,Sunday,10,41,7,February,Feb,2,1,2019,3,2018
20190211,2,Monday,11,42,7,February,Feb,2,1,2019,3,2018
20190212,3,Tuesday,12,43,7,February,Feb,2,1,2019,3,2018
20190213,4,Wednesday,13,44,7,February,Feb,2,1,2019,3,2018
20190214,5,Thursday,14,45,7,February,Feb,2,1,2019,3,2018
20190215,6,Friday,15,46,7,February,Feb,2,1,2019,3,2018
20190216,7,Saturday,16,47,7,February,Feb,2,1,2019,3,2018
20190217,1,Sunday,17,48,8,February,Feb,2,1,2019,3,2018
20190218,2,Monday,18,49,8,February,Feb,2,1,2019,3,2018
20190219,3,Tuesday,19,50,8,February,Feb,2,1,2019,3,2018
20190220,4,Wednesday,20,51,8,February,Feb,2,1,2019,3,2018
20190221,5,Thursday,21,52,8,February,Feb,2,1,2019,3,2018
20190222,6,Friday,22,53,8,February,Feb,2,1,2019,3,2018
20190223,7,Saturday,23,54,8,February,Feb,2,1,2019,3,2018
20190224,1,Sunday,24,55,9,February,Feb,2,1,2019,3,2018
20190225,2,Monday,25,56,9,February,Feb,2,1,2019,3,2018
20190226,3,Tuesday,26,57,9,February,Feb,2,1,2019,3,2018
20190227,4,Wednesday,27,58,9,February,Feb,2,1,2019,3,2018
20190228,5,Thursday,28,59,9,February,Feb,2,1,2019,3,2018
20190301,6,Friday,1,60,9,March,Mar,3,1,2019,3,2018
20190302,7,Saturday,2,61,9,March,Mar,3,1,2019,3,2018
20190303,1,Sunday,3,62,10,March,Mar,3,1,2019,3,2018
20190304,2,Monday,4,63,10,March,Mar,3,1,2019,3,2018
20190305,3,Tuesday,5,64,10,March,Mar,3,1,2019,3,2018
20190306,4,Wednesday,6,65,10,March,Mar,3,1,2019,3,2018
20190307,5,Thursday,7,66,10,March,Mar,3,1,2019,3,2018
20190308,6,Friday,8,67,10,March,Mar,3,1,2019,3,2018
20190309,7,Saturday,9,68,10,March,Mar,3,1,2019,3,2018
20190310,1,Sunday,10,69,11,March,Mar,3,1,2019,3,2018
20190311,2,Monday,11,70,11,March,Mar,3,1,2019,3,2018
20190312,3,Tuesday,12,71,11,March,Mar,3,1,2019,3,2018
20190313,4,Wednesday,13,72,11,March,Mar,3,1,2019,3,2018
20190314,5,Thursday,14,73,11,March,Mar,3,1,2019,3,2018
20190315,6,Friday,15,74,11,March,Mar,3,1,2019,3,2018
20190316,7,Saturday,16,75,11,March,Mar,3,1,2019,3,2018
20190317,1,Sunday,17,76,12,March,Mar,3,1,2019,3,2018
20190318,2,Monday,18,77,12,March,Mar,3,1,2019,3,2018
20190319,3,Tuesday,19,78,12,March,Mar,3,1,2019,3,2018
20190320,4,Wednesday,20,79,12,March,Mar,3,1,2019,3,2018
20190321,5,Thursday,21,80,12,March,Mar,3,1,2019,3,2018
20190322,6,Friday,22,81,12,March,Mar,3,1,2019,3,2018
20190323,7,Saturday,23,82,12,March,Mar,3,1,2019,3,2018
20190324,1,Sunday,24,83,13,March,Mar,3,1,2019,3,2018
20190325,2,Monday,25,84,13,March,Mar,3,1,2019,3,2018
20190326,3,Tuesday,26,85,13,March,Mar,3,1,2019,3,2018
20190327,4,Wednesday,27,86,13,March,Mar,3,1,2019,3,2018
20190328,5,Thursday,28,87,13,March,Mar,3,1,2019,3,2018
20190329,6,Friday,29,88,13,March,Mar,3,1,2019,3,2018
20190330,7,Saturday,30,89,13,March,Mar,3,1,2019,3,2018
20190331,1,Sunday,31,90,14,March,Mar,3,1,2019,3,2018
20190401,2,Monday,1,91,14,April,Apr,4,2,2019,4,2018
20190402,3,Tuesday,2,92,14,April,Apr,4,2,2019,4,2018
20190403,4,Wednesday,3,93,14,April,Apr,4,2,2019,4,2018
20190404,5,Thursday,4,94,14,April,Apr,4,2,2019,4,2018
20190405,6,Friday,5,95,14,April,Apr,4,2,2019,4,2018
20190406,7,Saturday,6,96,14,April,Apr,4,2,2019,4,2018
20190407,1,Sunday,7,97,15,April,Apr,4,2,2019,4,2018
20190408,2,Monday,8,98,15,April,Apr,4,2,2019,4,2018
20190409,3,Tuesday,9,99,15,April,Apr,4,2,2019,4,2018
20190410,4,Wednesday,10,100,15,April,Apr,4,2,2019,4,2018
20190411,5,Thursday,11,101,15,April,Apr,4,2,2019,4,2018
20190412,6,Friday,12,102,15,April,Apr,4,2,2019,4,2018
20190413,7,Saturday,13,103,15,April,Apr,4,2,2019,4,2018
20190414,1,Sunday,14,104,16,April,Apr,4,2,2019,4,2018
20190415,2,Monday,15,105,16,April,Apr,4,2,2019,4,2018
20190416,3,Tuesday,16,106,16,April,Apr,4,2,2019,4,2018
20190417,4,Wednesday,17,107,16,April,Apr,4,2,2019,4,2018
20190418,5,Thursday,18,108,16,April,Apr,4,2,2019,4,2018
20190419,6,Friday,19,109,16,April,Apr,4,2,2019,4,2018
20190420,7,Saturday,20,110,16,April,Apr,4,2,2019,4,2018
20190421,1,Sunday,21,111,17,April,Apr,4,2,2019,4,2018
20190422,2,Monday,22,112,17,April,Apr,4,2,2019,4,2018
20190423,3,Tuesday,23,113,17,April,Apr,4,2,2019,4,2018
20190424,4,Wednesday,24,114,17,April,Apr,4,2,2019,4,2018
20190425,5,Thursday,25,115,17,April,Apr,4,2,2019,4,2018
20190426,6,Friday,26,116,17,April,Apr,4,2,2019,4,2018
20190427,7,Saturday,27,117,17,April,Apr,4,2,2019,4,2018
20190428,1,Sunday,28,118,18,April,Apr,4,2,2019,4,2018
20190429,2,Monday,29,119,18,April,Apr,4,2,2019,4,2018
20190430,3,Tuesday,30,120,18,April,Apr,4,2,2019,4,2018
20190501,4,Wednesday,1,121,18,May,May,5,2,2019,4,2018
20190502,5,Thursday,2,122,18,May,May,5,2,2019,4,2018
20190503,6,Friday,3,123,18,May,May,5,2,2019,4,2018
20190504,7,Saturday,4,124,18,May,May,5,2,2019,4,2018
20190505,1,Sunday,5,125,19,May,May,5,2,2019,4,2018
20190506,2,Monday,6,126,19,May,May,5,2,2019,4,2018
20190507,3,Tuesday,7,127,19,May,May,5,2,2019,4,2018
20190508,4,Wednesday,8,128,19,May,May,5,2,2019,4,2018
20190509,5,Thursday,9,129,19,May,May,5,2,2019,4,2018
20190510,6,Friday,10,130,19,May,May,5,2,2019,4,2018
20190511,7,Saturday,11,131,19,May,May,5,2,2019,4,2018
20190512,1,Sunday,12,132,20,May,May,5,2,2019,4,2018
20190513,2,Monday,13,133,20,May,May,5,2,2019,4,2018
20190514,3,Tuesday,14,134,20,May,May,5,2,2019,4,2018
20190515,4,Wednesday,15,135,20,May,May,5,2,2019,4,2018
20190516,5,Thursday,16,136,20,May,May,5,2,2019,4,2018
20190517,6,Friday,17,137,20,May,May,5,2,2019,4,2018
20190518,7,Saturday,18,138,20,May,May,5,2,2019,4,2018
20190519,1,Sunday,19,139,21,May,May,5,2,2019,4,2018
20190520,2,Monday,20,140,21,May,May,5,2,2019,4,2018
20190521,3,Tuesday,21,141,21,May,May,5,2,2019,4,2018
20190522,4,Wednesday,22,142,21,May,May,5,2,2019,4,2018
20190523,5,Thursday,23,143,21,May,May,5,2,2019,4,2018
20190524,6,Friday,24,144,21,May,May,5,2,2019,4,2018
20190525,7,Saturday,25,145,21,May,May,5,2,2019,4,2018
20190526,1,Sunday,26,146,22,May,May,5,2,2019,4,2018
20190527,2,Monday,27,147,22,May,May,5,2,2019,4,2018
20190528,3,Tuesday,28,148,22,May,May,5,2,2019,4,2018
20190529,4,Wednesday,29,149,22,May,May,5,2,2019,4,2018
20190530,5,Thursday,30,150,22,May,May,5,2,2019,4,2018
20190531,6,Friday,31,151,22,May,May,5,2,2019,4,2018
20190601,7,Saturday,1,152,22,June,Jun,6,2,2019,4,2018
20190602,1,Sunday,2,153,23,June,Jun,6,2,2019,4,2018
20190603,2,Monday,3,154,23,June,Jun,6,2,2019,4,2018
20190604,3,Tuesday,4,155,23,June,Jun,6,2,2019,4,2018
20190605,4,Wednesday,5,156,23,June,Jun,6,2,2019,4,2018
20190606,5,Thursday,6,157,23,June,Jun,6,2,2019,4,2018
20190607,6,Friday,7,158,23,June,Jun,6,2,2019,4,2018
20190608,7,Saturday,8,159,23,June,Jun,6,2,2019,4,2018
20190609,1,Sunday,9,160,24,June,Jun,6,2,2019,4,2018
20190610,2,Monday,10,161,24,June,Jun,6,2,2019,4,2018
20190611,3,Tuesday,11,162,24,June,Jun,6,2,2019,4,2018
20190612,4,Wednesday,12,163,24,June,Jun,6,2,2019,4,2018
20190613,5,Thursday,13,164,24,June,Jun,6,2,2019,4,2018
20190614,6,Friday,14,165,24,June,Jun,6,2,2019,4,2018
20190615,7,Saturday,15,166,24,June,Jun,6,2,2019,4,2018
20190616,1,Sunday,16,167,25,June,Jun,6,2,2019,4,2018
20190617,2,Monday,17,168,25,June,Jun,6,2,2019,4,2018
20190618,3,Tuesday,18,169,25,June,Jun,6,2,2019,4,2018
20190619,4,Wednesday,19,170,25,June,Jun,6,2,2019,4,2018
20190620,5,Thursday,20,171,25,June,Jun,6,2,2019,4,2018
20190621,6,Friday,21,172,25,June,Jun,6,2,2019,4,2018
20190622,7,Saturday,22,173,25,June,Jun,6,2,2019,4,2018
20190623,1,Sunday,23,174,26,June,Jun,6,2,2019,4,2018
20190624,2,Monday,24,175,26,June,Jun,6,2,2019,4,2018
20190625,3,Tuesday,25,176,26,June,Jun,6,2,2019,4,2018
20190626,4,Wednesday,26,177,26,June,Jun,6,2,2019,4,2018
20190627,5,Thursday,27,178,26,June,Jun,6,2,2019,4,2018
20190628,6,Friday,28,179,26,June,Jun,6,2,2019,4,2018
20190629,7,Saturday,29,180,26,June,Jun,6,2,2019,4,2018
20190630,1,Sunday,30,181,27,June,Jun,6,2,2019,4,2018
20190701,2,Monday,1,182,27,July,Jul,7,3,2019,1,2019
20190702,3,Tuesday,2,183,27,July,Jul,7,3,2019,1,2019
20190703,4,Wednesday,3,184,27,July,Jul,7,3,2019,1,2019
20190704,5,Thursday,4,185,27,July,Jul,7,3,2019,1,2019
20190705,6,Friday,5,186,27,July,Jul,7,3,2019,1,2019
20190706,7,Saturday,6,187,27,July,Jul,7,3,2019,1,2019
20190707,1,Sunday,7,188,28,July,Jul,7,3,2019,1,2019
20190708,2,Monday,8,189,28,July,Jul,7,3,2019,1,2019
20190709,3,Tuesday,9,190,28,July,Jul,7,3,2019,1,2019
20190710,4,Wednesday,10,191,28,July,Jul,7,3,2019,1,2019
20190711,5,Thursday,11,192,28,July,Jul,7,3,2019,1,2019
20190712,6,Friday,12,193,28,July,Jul,7,3,2019,1,2019
20190713,7,Saturday,13,194,28,July,Jul,7,3,2019,1,2019
20190714,1,Sunday,14,195,29,July,Jul,7,3,2019,1,2019
20190715,2,Monday,15,196,29,July,Jul,7,3,2019,1,2019
20190716,3,Tuesday,16,197,29,July,Jul,7,3,2019,1,2019
20190717,4,Wednesday,17,198,29,July,Jul,7,3,2019,1,2019
20190718,5,Thursday,18,199,29,July,Jul,7,3,2019,1,2019
20190719,6,Friday,19,200,29,July,Jul,7,3,2019,1,2019
20190720,7,Saturday,20,201,29,July,Jul,7,3,2019,1,2019
20190721,1,Sunday,21,202,30,July,Jul,7,3,2019,1,2019
20190722,2,Monday,22,203,30,July,Jul,7,3,2019,1,2019
20190723,3,Tuesday,23,204,30,July,Jul,7,3,2019,1,2019
20190724,4,Wednesday,24,205,30,July,Jul,7,3,2019,1,2019
20190725,5,Thursday,25,206,30,July,Jul,7,3,2019,1,2019
20190726,6,Friday,26,207,30,July,Jul,7,3,2019,1,2019
20190727,7,Saturday,27,208,30,July,Jul,7,3,2019,1,2019
20190728,1,Sunday,28,209,31,July,Jul,7,3,2019,1,2019
20190729,2,Monday,29,210,31,July,Jul,7,3,2019,1,2019
20190730,3,Tuesday,30,211,31,July,Jul,7,3,2019,1,2019
20190731,4,Wednesday,31,212,31,July,Jul,7,3,2019,1,2019
20190801,5,Thursday,1,213,31,August,Aug,8,3,2019,1,2019
20190802,6,Friday,2,214,31,August,Aug,8,3,2019,1,2019
20190803,7,Saturday,3,215,31,August,Aug,8,3,2019,1,2019
20190804,1,Sunday,4,216,32,August,Aug,8,3,2019,1,2019
20190805,2,Monday,5,217,32,August,Aug,8,3,2019,1,2019
20190806,3,Tuesday,6,218,32,August,Aug,8,3,2019,1,2019
20190807,4,Wednesday,7,219,32,August,Aug,8,3,2019,1,2019
20190808,5,Thursday,8,220,32,August,Aug,8,3,2019,1,2019
20190809,6,Friday,9,221,32,August,Aug,8,3,2019,1,2019
20190810,7,Saturday,10,222,32,August,Aug,8,3,2019,1,2019
20190811,1,Sunday,11,223,33,August,Aug,8,3,2019,1,2019
20190812,2,Monday,12,224,33,August,Aug,8,3,2019,1,2019
20190813,3,Tuesday,13,225,33,August,Aug,8,3,2019,1,2019
20190814,4,Wednesday,14,226,33,August,Aug,8,3,2019,1,2019
20190815,5,Thursday,15,227,33,August,Aug,8,3,2019,1,2019
20190816,6,Friday,16,228,33,August,Aug,8,3,2019,1,2019
20190817,7,Saturday,17,229,33,August,Aug,8,3,2019,1,2019
20190818,1,Sunday,18,230,34,August,Aug,8,3,2019,1,2019
20190819,2,Monday,19,231,34,August,Aug,8,3,2019,1,2019
20190820,3,Tuesday,20,232,34,August,Aug,8,3,2019,1,2019
20190821,4,Wednesday,21,233,34,August,Aug,8,3,2019,1,2019
20190822,5,Thursday,22,234,34,August,Aug,8,3,2019,1,2019
20190823,6,Friday,23,235,34,August,Aug,8,3,2019,1,2019
20190824,7,Saturday,24,236,34,August,Aug,8,3,2019,1,2019
20190825,1,Sunday,25,237,35,August,Aug,8,3,2019,1,2019
20190826,2,Monday,26,238,35,August,Aug,8,3,2019,1,2019
20190827,3,Tuesday,27,239,35,August,Aug,8,3,2019,1,2019
20190828,4,Wednesday,28,240,35,August,Aug,8,3,2019,1,2019
20190829,5,Thursday,29,241,35,August,Aug,8,3,2019,1,2019
20190830,6,Friday,30,242,35,August,Aug,8,3,2019,1,2019
20190831,7,Saturday,31,243,35,August,Aug,8,3,2019,1,2019
20190901,1,Sunday,1,244,36,September,Sep,9,3,2019,1,2019
20190902,2,Monday,2,245,36,September,Sep,9,3,2019,1,2019
20190903,3,Tuesday,3,246,36,September,Sep,9,3,2019,1,2019
20190904,4,Wednesday,4,247,36,September,Sep,9,3,2019,1,2019
20190905,5,Thursday,5,248,36,September,Sep,9,3,2019,1,2019
20190906,6,Friday,6,249,36,September,Sep,9,3,2019,1,2019
20190907,7,Saturday,7,250,36,September,Sep,9,3,2019,1,2019
20190908,1,Sunday,8,251,37,September,Sep,9,3,2019,1,2019
20190909,2,Monday,9,252,37,September,Sep,9,3,2019,1,2019
20190910,3,Tuesday,10,253,37,September,Sep,9,3,2019,1,2019
20190911,4,Wednesday,11,254,37,September,Sep,9,3,2019,1,2019
20190912,5,Thursday,12,255,37,September,Sep,9,3,2019,1,2019
20190913,6,Friday,13,256,37,September,Sep,9,3,2019,1,2019
20190914,7,Saturday,14,257,37,September,Sep,9,3,2019,1,2019
20190915,1,Sunday,15,258,38,September,Sep,9,3,2019,1,2019
20190916,2,Monday,16,259,38,September,Sep,9,3,2019,1,2019
20190917,3,Tuesday,17,260,38,September,Sep,9,3,2019,1,2019
20190918,4,Wednesday,18,261,38,September,Sep,9,3,2019,1,2019
20190919,5,Thursday,19,262,38,September,Sep,9,3,2019,1,2019
20190920,6,Friday,20,263,38,September,Sep,9,3,2019,1,2019
20190921,7,Saturday,21,264,38,September,Sep,9,3,2019,1,2019
20190922,1,Sunday,22,265,39,September,Sep,9,3,2019,1,2019
20190923,2,Monday,23,266,39,September,Sep,9,3,2019,1,2019
20190924,3,Tuesday,24,267,39,September,Sep,9,3,2019,1,2019
20190925,4,Wednesday,25,268,39,September,Sep,9,3,2019,1,2019
20190926,5,Thursday,26,269,39,September,Sep,9,3,2019,1,2019
20190927,6,Friday,27,270,39,September,Sep,9,3,2019,1,2019
20190928,7,Saturday,28,271,39,September,Sep,9,3,2019,1,2019
20190929,1,Sunday,29,272,40,September,Sep,9,3,2019,1,2019
20190930,2,Monday,30,273,40,September,Sep,9,3,2019,1,2019
20191001,3,Tuesday,1,274,40,October,Oct,10,4,2019,2,2019
20191002,4,Wednesday,2,275,40,October,Oct,10,4,2019,2,2019
20191003,5,Thursday,3,276,40,October,Oct,10,4,2019,2,2019
20191004,6,Friday,4,277,40,October,Oct,10,4,2019,2,2019
20191005,7,Saturday,5,278,40,October,Oct,10,4,2019,2,2019
20191006,1,Sunday,6,279,41,October,Oct,10,4,2019,2,2019
20191007,2,Monday,7,280,41,October,Oct,10,4,2019,2,2019
20191008,3,Tuesday,8,281,41,October,Oct,10,4,2019,2,2019
20191009,4,Wednesday,9,282,41,October,Oct,10,4,2019,2,2019
20191010,5,Thursday,10,283,41,October,Oct,10,4,2019,2,2019
20191011,6,Friday,11,284,41,October,Oct,10,4,2019,2,2019
20191012,7,Saturday,12,285,41,October,Oct,10,4,2019,2,2019
20191013,1,Sunday,13,286,42,October,Oct,10,4,2019,2,2019
20191014,2,Monday,14,287,42,October,Oct,10,4,2019,2,2019
20191015,3,Tuesday,15,288,42,October,Oct,10,4,2019,2,2019
20191016,4,Wednesday,16,289,42,October,Oct,10,4,2019,2,2019
20191017,5,Thursday,17,290,42,October,Oct,10,4,2019,2,2019
20191018,6,Friday,18,291,42,October,Oct,10,4,2019,2,2019
20191019,7,Saturday,19,292,42,October,Oct,10,4,2019,2,2019
20191020,1,Sunday,20,293,43,October,Oct,10,4,2019,2,2019
20191021,2,Monday,21,294,43,October,Oct,10,4,2019,2,2019
20191022,3,Tuesday,22,295,43,October,Oct,10,4,2019,2,2019
20191023,4,Wednesday,23,296,43,October,Oct,10,4,2019,2,2019
20191024,5,Thursday,24,297,43,October,Oct,10,4,2019,2,2019
20191025,6,Friday,25,298,43,October,Oct,10,4,2019,2,2019
20191026,7,Saturday,26,299,43,October,Oct,10,4,2019,2,2019
20191027,1,Sunday,27,300,44,October,Oct,10,4,2019,2,2019
20191028,2,Monday,28,301,44,October,Oct,10,4,2019,2,2019
20191029,3,Tuesday,29,302,44,October,Oct,10,4,2019,2,2019
20191030,4,Wednesday,30,303,44,October,Oct,10,4,2019,2,2019
20191031,5,Thursday,31,304,44,October,Oct,10,4,2019,2,2019
20191101,6,Friday,1,305,44,November,Nov,11,4,2019,2,2019
20191102,7,Saturday,2,306,44,November,Nov,11,4,2019,2,2019
20191103,1,Sunday,3,307,45,November,Nov,11,4,2019,2,2019
20191104,2,Monday,4,308,45,November,Nov,11,4,2019,2,2019
20191105,3,Tuesday,5,309,45,November,Nov,11,4,2019,2,2019
20191106,4,Wednesday,6,310,45,November,Nov,11,4,2019,2,2019
20191107,5,Thursday,7,311,45,November,Nov,11,4,2019,2,2019
20191108,6,Friday,8,312,45,November,Nov,11,4,2019,2,2019
20191109,7,Saturday,9,313,45,November,Nov,11,4,2019,2,2019
20191110,1,Sunday,10,314,46,November,Nov,11,4,2019,2,2019
20191111,2,Monday,11,315,46,November,Nov,11,4,2019,2,2019
20191112,3,Tuesday,12,316,46,November,Nov,11,4,2019,2,2019
20191113,4,Wednesday,13,317,46,November,Nov,11,4,2019,2,2019
20191114,5,Thursday,14,318,46,November,Nov,11,4,2019,2,2019
20191115,6,Friday,15,319,46,November,Nov,11,4,2019,2,2019
20191116,7,Saturday,16,320,46,November,Nov,11,4,2019,2,2019
20191117,1,Sunday,17,321,47,November,Nov,11,4,2019,2,2019
20191118,2,Monday,18,322,47,November,Nov,11,4,2019,2,2019
20191119,3,Tuesday,19,323,47,November,Nov,11,4,2019,2,2019
20191120,4,Wednesday,20,324,47,November,Nov,11,4,2019,2,2019
20191121,5,Thursday,21,325,47,November,Nov,11,4,2019,2,2019
20191122,6,Friday,22,326,47,November,Nov,11,4,2019,2,2019
20191123,7,Saturday,23,327,47,November,Nov,11,4,2019,2,2019
20191124,1,Sunday,24,328,48,November,Nov,11,4,2019,2,2019
20191125,2,Monday,25,329,48,November,Nov,11,4,2019,2,2019
20191126,3,Tuesday,26,330,48,November,Nov,11,4,2019,2,2019
20191127,4,Wednesday,27,331,48,November,Nov,11,4,2019,2,2019
20191128,5,Thursday,28,332,48,November,Nov,11,4,2019,2,2019
20191129,6,Friday,29,333,48,November,Nov,11,4,2019,2,2019
20191130,7,Saturday,30,334,48,November,Nov,11,4,2019,2,2019
20191201,1,Sunday,1,335,49,December,Dec,12,4,2019,2,2019
20191202,2,Monday,2,336,49,December,Dec,12,4,2019,2,2019
20191203,3,Tuesday,3,337,49,December,Dec,12,4,2019,2,2019
20191204,4,Wednesday,4,338,49,December,Dec,12,4,2019,2,2019
20191205,5,Thursday,5,339,49,December,Dec,12,4,2019,2,2019
20191206,6,Friday,6,340,49,December,Dec,12,4,2019,2,2019
20191207,7,Saturday,7,341,49,December,Dec,12,4,2019,2,2019
20191208,1,Sunday,8,342,50,December,Dec,12,4,2019,2,2019
20191209,2,Monday,9,343,50,December,Dec,12,4,2019,2,2019
20191210,3,Tuesday,10,344,50,December,Dec,12,4,2019,2,2019
20191211,4,Wednesday,11,345,50,December,Dec,12,4,2019,2,2019
20191212,5,Thursday,12,346,50,December,Dec,12,4,2019,2,2019
20191213,6,Friday,13,347,50,December,Dec,12,4,2019,2,2019
20191214,7,Saturday,14,348,50,December,Dec,12,4,2019,2,2019
20191215,1,Sunday,15,349,51,December,Dec,12,4,2019,2,2019
20191216,2,Monday,16,350,51,December,Dec,12,4,2019,2,2019
20191217,3,Tuesday,17,351,51,December,Dec,12,4,2019,2,2019
20191218,4,Wednesday,18,352,51,December,Dec,12,4,2019,2,2019
20191219,5,Thursday,19,353,51,December,Dec,12,4,2019,2,2019
20191220,6,Friday,20,354,51,December,Dec,12,4,2019,2,2019
20191221,7,Saturday,21,355,51,December,Dec,12,4,2019,2,2019
20191222,1,Sunday,22,356,52,December,Dec,12,4,2019,2,2019
20191223,2,Monday,23,357,52,December,Dec,12,4,2019,2,2019
20191224,3,Tuesday,24,358,52,December,Dec,12,4,2019,2,2019
20191225,4,Wednesday,25,359,52,December,Dec,12,4,2019,2,2019
20191226,5,Thursday,26,360,52,December,Dec,12,4,2019,2,2019
20191227,6,Friday,27,361,52,December,Dec,12,4,2019,2,2019
20191228,7,Saturday,28,362,52,December,Dec,12,4,2019,2,2019
20191229,1,Sunday,29,363,53,December,Dec,12,4,2019,2,2019
20191230,2,Monday,30,364,53,December,Dec,12,4,2019,2,2019
20191231,3,Tuesday,31,365,53,December,Dec,12,4,2019,2,2019
20200101,4,Wednesday,1,1,1,January,Jan,1,1,2020,3,2019
20200102,5,Thursday,2,2,1,January,Jan,1,1,2020,3,2019
20200103,6,Friday,3,3,1,January,Jan,1,1,2020,3,2019
20200104,7,Saturday,4,4,1,January,Jan,1,1,2020,3,2019
20200105,1,Sunday,5,5,2,January,Jan,1,1,2020,3,2019
20200106,2,Monday,6,6,2,January,Jan,1,1,2020,3,2019
20200107,3,Tuesday,7,7,2,January,Jan,1,1,2020,3,2019
20200108,4,Wednesday,8,8,2,January,Jan,1,1,2020,3,2019
20200109,5,Thursday,9,9,2,January,Jan,1,1,2020,3,2019
20200110,6,Friday,10,10,2,January,Jan,1,1,2020,3,2019
20200111,7,Saturday,11,11,2,January,Jan,1,1,2020,3,2019
20200112,1,Sunday,12,12,3,January,Jan,1,1,2020,3,2019
20200113,2,Monday,13,13,3,January,Jan,1,1,2020,3,2019
20200114,3,Tuesday,14,14,3,January,Jan,1,1,2020,3,2019
20200115,4,Wednesday,15,15,3,January,Jan,1,1,2020,3,2019
20200116,5,Thursday,16,16,3,January,Jan,1,1,2020,3,2019
20200117,6,Friday,17,17,3,January,Jan,1,1,2020,3,2019
20200118,7,Saturday,18,18,3,January,Jan,1,1,2020,3,2019
20200119,1,Sunday,19,19,4,January,Jan,1,1,2020,3,2019
20200120,2,Monday,20,20,4,January,Jan,1,1,2020,3,2019
20200121,3,Tuesday,21,21,4,January,Jan,1,1,2020,3,2019
20200122,4,Wednesday,22,22,4,January,Jan,1,1,2020,3,2019
20200123,5,Thursday,23,23,4,January,Jan,1,1,2020,3,2019
20200124,6,Friday,24,24,4,January,Jan,1,1,2020,3,2019
20200125,7,Saturday,25,25,4,January,Jan,1,1,2020,3,2019
20200126,1,Sunday,26,26,5,January,Jan,1,1,2020,3,2019
20200127,2,Monday,27,27,5,January,Jan,1,1,2020,3,2019
20200128,3,Tuesday,28,28,5,January,Jan,1,1,2020,3,2019
20200129,4,Wednesday,29,29,5,January,Jan,1,1,2020,3,2019
20200130,5,Thursday,30,30,5,January,Jan,1,1,2020,3,2019
20200131,6,Friday,31,31,5,January,Jan,1,1,2020,3,2019
20200201,7,Saturday,1,32,5,February,Feb,2,1,2020,3,2019
20200202,1,Sunday,2,33,6,February,Feb,2,1,2020,3,2019
20200203,2,Monday,3,34,6,February,Feb,2,1,2020,3,2019
20200204,3,Tuesday,4,35,6,February,Feb,2,1,2020,3,2019
20200205,4,Wednesday,5,36,6,February,Feb,2,1,2020,3,2019
20200206,5,Thursday,6,37,6,February,Feb,2,1,2020,3,2019
20200207,6,Friday,7,38,6,February,Feb,2,1,2020,3,2019
20200208,7,Saturday,8,39,6,February,Feb,2,1,2020,3,2019
20200209,1,Sunday,9,40,7,February,Feb,2,1,2020,3,2019
20200210,2,Monday,10,41,7,February,Feb,2,1,2020,3,2019
20200211,3,Tuesday,11,42,7,February,Feb,2,1,2020,3,2019
20200212,4,Wednesday,12,43,7,February,Feb,2,1,2020,3,2019
20200213,5,Thursday,13,44,7,February,Feb,2,1,2020,3,2019
20200214,6,Friday,14,45,7,February,Feb,2,1,2020,3,2019
20200215,7,Saturday,15,46,7,February,Feb,2,1,2020,3,2019
20200216,1,Sunday,16,47,8,February,Feb,2,1,2020,3,2019
20200217,2,Monday,17,48,8,February,Feb,2,1,2020,3,2019
20200218,3,Tuesday,18,49,8,February,Feb,2,1,2020,3,2019
20200219,4,Wednesday,19,50,8,February,Feb,2,1,2020,3,2019
20200220,5,Thursday,20,51,8,February,Feb,2,1,2020,3,2019
20200221,6,Friday,21,52,8,February,Feb,2,1,2020,3,2019
20200222,7,Saturday,22,53,8,February,Feb,2,1,2020,3,2019
20200223,1,Sunday,23,54,9,February,Feb,2,1,2020,3,2019
20200224,2,Monday,24,55,9,February,Feb,2,1,2020,3,2019
20200225,3,Tuesday,25,56,9,February,Feb,2,1,2020,3,2019
20200226,4,Wednesday,26,57,9,February,Feb,2,1,2020,3,2019
20200227,5,Thursday,27,58,9,February,Feb,2,1,2020,3,2019
20200228,6,Friday,28,59,9,February,Feb,2,1,2020,3,2019
20200229,7,Saturday,29,60,9,February,Feb,2,1,2020,3,2019
20200301,1,Sunday,1,61,10,March,Mar,3,1,2020,3,2019
20200302,2,Monday,2,62,10,March,Mar,3,1,2020,3,2019
20200303,3,Tuesday,3,63,10,March,Mar,3,1,2020,3,2019
20200304,4,Wednesday,4,64,10,March,Mar,3,1,2020,3,2019
20200305,5,Thursday,5,65,10,March,Mar,3,1,2020,3,2019
20200306,6,Friday,6,66,10,March,Mar,3,1,2020,3,2019
20200307,7,Saturday,7,67,10,March,Mar,3,1,2020,3,2019
20200308,1,Sunday,8,68,11,March,Mar,3,1,2020,3,2019
20200309,2,Monday,9,69,11,March,Mar,3,1,2020,3,2019
20200310,3,Tuesday,10,70,11,March,Mar,3,1,2020,3,2019
20200311,4,Wednesday,11,71,11,March,Mar,3,1,2020,3,2019
20200312,5,Thursday,12,72,11,March,Mar,3,1,2020,3,2019
20200313,6,Friday,13,73,11,March,Mar,3,1,2020,3,2019
20200314,7,Saturday,14,74,11,March,Mar,3,1,2020,3,2019
20200315,1,Sunday,15,75,12,March,Mar,3,1,2020,3,2019
20200316,2,Monday,16,76,12,March,Mar,3,1,2020,3,2019
20200317,3,Tuesday,17,77,12,March,Mar,3,1,2020,3,2019
20200318,4,Wednesday,18,78,12,March,Mar,3,1,2020,3,2019
20200319,5,Thursday,19,79,12,March,Mar,3,1,2020,3,2019
20200320,6,Friday,20,80,12,March,Mar,3,1,2020,3,2019
20200321,7,Saturday,21,81,12,March,Mar,3,1,2020,3,2019
20200322,1,Sunday,22,82,13,March,Mar,3,1,2020,3,2019
20200323,2,Monday,23,83,13,March,Mar,3,1,2020,3,2019
20200324,3,Tuesday,24,84,13,March,Mar,3,1,2020,3,2019
20200325,4,Wednesday,25,85,13,March,Mar,3,1,2020,3,2019
20200326,5,Thursday,26,86,13,March,Mar,3,1,2020,3,2019
20200327,6,Friday,27,87,13,March,Mar,3,1,2020,3,2019
20200328,7,Saturday,28,88,13,March,Mar,3,1,2020,3,2019
20200329,1,Sunday,29,89,14,March,Mar,3,1,2020,3,2019
20200330,2,Monday,30,90,14,March,Mar,3,1,2020,3,2019
20200331,3,Tuesday,31,91,14,March,Mar,3,1,2020,3,2019
20200401,4,Wednesday,1,92,14,April,Apr,4,2,2020,4,2019
20200402,5,Thursday,2,93,14,April,Apr,4,2,2020,4,2019
20200403,6,Friday,3,94,14,April,Apr,4,2,2020,4,2019
20200404,7,Saturday,4,95,14,April,Apr,4,2,2020,4,2019
20200405,1,Sunday,5,96,15,April,Apr,4,2,2020,4,2019
20200406,2,Monday,6,97,15,April,Apr,4,2,2020,4,2019
20200407,3,Tuesday,7,98,15,April,Apr,4,2,2020,4,2019
20200408,4,Wednesday,8,99,15,April,Apr,4,2,2020,4,2019
20200409,5,Thursday,9,100,15,April,Apr,4,2,2020,4,2019
20200410,6,Friday,10,101,15,April,Apr,4,2,2020,4,2019
20200411,7,Saturday,11,102,15,April,Apr,4,2,2020,4,2019
20200412,1,Sunday,12,103,16,April,Apr,4,2,2020,4,2019
20200413,2,Monday,13,104,16,April,Apr,4,2,2020,4,2019
20200414,3,Tuesday,14,105,16,April,Apr,4,2,2020,4,2019
20200415,4,Wednesday,15,106,16,April,Apr,4,2,2020,4,2019
20200416,5,Thursday,16,107,16,April,Apr,4,2,2020,4,2019
20200417,6,Friday,17,108,16,April,Apr,4,2,2020,4,2019
20200418,7,Saturday,18,109,16,April,Apr,4,2,2020,4,2019
20200419,1,Sunday,19,110,17,April,Apr,4,2,2020,4,2019
20200420,2,Monday,20,111,17,April,Apr,4,2,2020,4,2019
20200421,3,Tuesday,21,112,17,April,Apr,4,2,2020,4,2019
20200422,4,Wednesday,22,113,17,April,Apr,4,2,2020,4,2019
20200423,5,Thursday,23,114,17,April,Apr,4,2,2020,4,2019
20200424,6,Friday,24,115,17,April,Apr,4,2,2020,4,2019
20200425,7,Saturday,25,116,17,April,Apr,4,2,2020,4,2019
20200426,1,Sunday,26,117,18,April,Apr,4,2,2020,4,2019
20200427,2,Monday,27,118,18,April,Apr,4,2,2020,4,2019
20200428,3,Tuesday,28,119,18,April,Apr,4,2,2020,4,2019
20200429,4,Wednesday,29,120,18,April,Apr,4,2,2020,4,2019
20200430,5,Thursday,30,121,18,April,Apr,4,2,2020,4,2019
20200501,6,Friday,1,122,18,May,May,5,2,2020,4,2019
20200502,7,Saturday,2,123,18,May,May,5,2,2020,4,2019
20200503,1,Sunday,3,124,19,May,May,5,2,2020,4,2019
20200504,2,Monday,4,125,19,May,May,5,2,2020,4,2019
20200505,3,Tuesday,5,126,19,May,May,5,2,2020,4,2019
20200506,4,Wednesday,6,127,19,May,May,5,2,2020,4,2019
20200507,5,Thursday,7,128,19,May,May,5,2,2020,4,2019
20200508,6,Friday,8,129,19,May,May,5,2,2020,4,2019
20200509,7,Saturday,9,130,19,May,May,5,2,2020,4,2019
20200510,1,Sunday,10,131,20,May,May,5,2,2020,4,2019
20200511,2,Monday,11,132,20,May,May,5,2,2020,4,2019
20200512,3,Tuesday,12,133,20,May,May,5,2,2020,4,2019
20200513,4,Wednesday,13,134,20,May,May,5,2,2020,4,2019
20200514,5,Thursday,14,135,20,May,May,5,2,2020,4,2019
20200515,6,Friday,15,136,20,May,May,5,2,2020,4,2019
20200516,7,Saturday,16,137,20,May,May,5,2,2020,4,2019
20200517,1,Sunday,17,138,21,May,May,5,2,2020,4,2019
20200518,2,Monday,18,139,21,May,May,5,2,2020,4,2019
20200519,3,Tuesday,19,140,21,May,May,5,2,2020,4,2019
20200520,4,Wednesday,20,141,21,May,May,5,2,2020,4,2019
20200521,5,Thursday,21,142,21,May,May,5,2,2020,4,2019
20200522,6,Friday,22,143,21,May,May,5,2,2020,4,2019
20200523,7,Saturday,23,144,21,May,May,5,2,2020,4,2019
20200524,1,Sunday,24,145,22,May,May,5,2,2020,4,2019
20200525,2,Monday,25,146,22,May,May,5,2,2020,4,2019
20200526,3,Tuesday,26,147,22,May,May,5,2,2020,4,2019
20200527,4,Wednesday,27,148,22,May,May,5,2,2020,4,2019
20200528,5,Thursday,28,149,22,May,May,5,2,2020,4,2019
20200529,6,Friday,29,150,22,May,May,5,2,2020,4,2019
20200530,7,Saturday,30,151,22,May,May,5,2,2020,4,2019
20200531,1,Sunday,31,152,23,May,May,5,2,2020,4,2019
20200601,2,Monday,1,153,23,June,Jun,6,2,2020,4,2019
20200602,3,Tuesday,2,154,23,June,Jun,6,2,2020,4,2019
20200603,4,Wednesday,3,155,23,June,Jun,6,2,2020,4,2019
20200604,5,Thursday,4,156,23,June,Jun,6,2,2020,4,2019
20200605,6,Friday,5,157,23,June,Jun,6,2,2020,4,2019
20200606,7,Saturday,6,158,23,June,Jun,6,2,2020,4,2019
20200607,1,Sunday,7,159,24,June,Jun,6,2,2020,4,2019
20200608,2,Monday,8,160,24,June,Jun,6,2,2020,4,2019
20200609,3,Tuesday,9,161,24,June,Jun,6,2,2020,4,2019
20200610,4,Wednesday,10,162,24,June,Jun,6,2,2020,4,2019
20200611,5,Thursday,11,163,24,June,Jun,6,2,2020,4,2019
20200612,6,Friday,12,164,24,June,Jun,6,2,2020,4,2019
20200613,7,Saturday,13,165,24,June,Jun,6,2,2020,4,2019
20200614,1,Sunday,14,166,25,June,Jun,6,2,2020,4,2019
20200615,2,Monday,15,167,25,June,Jun,6,2,2020,4,2019
20200616,3,Tuesday,16,168,25,June,Jun,6,2,2020,4,2019
20200617,4,Wednesday,17,169,25,June,Jun,6,2,2020,4,2019
20200618,5,Thursday,18,170,25,June,Jun,6,2,2020,4,2019
20200619,6,Friday,19,171,25,June,Jun,6,2,2020,4,2019
20200620,7,Saturday,20,172,25,June,Jun,6,2,2020,4,2019
20200621,1,Sunday,21,173,26,June,Jun,6,2,2020,4,2019
20200622,2,Monday,22,174,26,June,Jun,6,2,2020,4,2019
20200623,3,Tuesday,23,175,26,June,Jun,6,2,2020,4,2019
20200624,4,Wednesday,24,176,26,June,Jun,6,2,2020,4,2019
20200625,5,Thursday,25,177,26,June,Jun,6,2,2020,4,2019
20200626,6,Friday,26,178,26,June,Jun,6,2,2020,4,2019
20200627,7,Saturday,27,179,26,June,Jun,6,2,2020,4,2019
20200628,1,Sunday,28,180,27,June,Jun,6,2,2020,4,2019
20200629,2,Monday,29,181,27,June,Jun,6,2,2020,4,2019
20200630,3,Tuesday,30,182,27,June,Jun,6,2,2020,4,2019
20200701,4,Wednesday,1,183,27,July,Jul,7,3,2020,1,2020
20200702,5,Thursday,2,184,27,July,Jul,7,3,2020,1,2020
20200703,6,Friday,3,185,27,July,Jul,7,3,2020,1,2020
20200704,7,Saturday,4,186,27,July,Jul,7,3,2020,1,2020
20200705,1,Sunday,5,187,28,July,Jul,7,3,2020,1,2020
20200706,2,Monday,6,188,28,July,Jul,7,3,2020,1,2020
20200707,3,Tuesday,7,189,28,July,Jul,7,3,2020,1,2020
20200708,4,Wednesday,8,190,28,July,Jul,7,3,2020,1,2020
20200709,5,Thursday,9,191,28,July,Jul,7,3,2020,1,2020
20200710,6,Friday,10,192,28,July,Jul,7,3,2020,1,2020
20200711,7,Saturday,11,193,28,July,Jul,7,3,2020,1,2020
20200712,1,Sunday,12,194,29,July,Jul,7,3,2020,1,2020
20200713,2,Monday,13,195,29,July,Jul,7,3,2020,1,2020
20200714,3,Tuesday,14,196,29,July,Jul,7,3,2020,1,2020
20200715,4,Wednesday,15,197,29,July,Jul,7,3,2020,1,2020
20200716,5,Thursday,16,198,29,July,Jul,7,3,2020,1,2020
20200717,6,Friday,17,199,29,July,Jul,7,3,2020,1,2020
20200718,7,Saturday,18,200,29,July,Jul,7,3,2020,1,2020
20200719,1,Sunday,19,201,30,July,Jul,7,3,2020,1,2020
20200720,2,Monday,20,202,30,July,Jul,7,3,2020,1,2020
20200721,3,Tuesday,21,203,30,July,Jul,7,3,2020,1,2020
20200722,4,Wednesday,22,204,30,July,Jul,7,3,2020,1,2020
20200723,5,Thursday,23,205,30,July,Jul,7,3,2020,1,2020
20200724,6,Friday,24,206,30,July,Jul,7,3,2020,1,2020
20200725,7,Saturday,25,207,30,July,Jul,7,3,2020,1,2020
20200726,1,Sunday,26,208,31,July,Jul,7,3,2020,1,2020
20200727,2,Monday,27,209,31,July,Jul,7,3,2020,1,2020
20200728,3,Tuesday,28,210,31,July,Jul,7,3,2020,1,2020
20200729,4,Wednesday,29,211,31,July,Jul,7,3,2020,1,2020
20200730,5,Thursday,30,212,31,July,Jul,7,3,2020,1,2020
20200731,6,Friday,31,213,31,July,Jul,7,3,2020,1,2020
20200801,7,Saturday,1,214,31,August,Aug,8,3,2020,1,2020
20200802,1,Sunday,2,215,32,August,Aug,8,3,2020,1,2020
20200803,2,Monday,3,216,32,August,Aug,8,3,2020,1,2020
20200804,3,Tuesday,4,217,32,August,Aug,8,3,2020,1,2020
20200805,4,Wednesday,5,218,32,August,Aug,8,3,2020,1,2020
20200806,5,Thursday,6,219,32,August,Aug,8,3,2020,1,2020
20200807,6,Friday,7,220,32,August,Aug,8,3,2020,1,2020
20200808,7,Saturday,8,221,32,August,Aug,8,3,2020,1,2020
20200809,1,Sunday,9,222,33,August,Aug,8,3,2020,1,2020
20200810,2,Monday,10,223,33,August,Aug,8,3,2020,1,2020
20200811,3,Tuesday,11,224,33,August,Aug,8,3,2020,1,2020
20200812,4,Wednesday,12,225,33,August,Aug,8,3,2020,1,2020
20200813,5,Thursday,13,226,33,August,Aug,8,3,2020,1,2020
20200814,6,Friday,14,227,33,August,Aug,8,3,2020,1,2020
20200815,7,Saturday,15,228,33,August,Aug,8,3,2020,1,2020
20200816,1,Sunday,16,229,34,August,Aug,8,3,2020,1,2020
20200817,2,Monday,17,230,34,August,Aug,8,3,2020,1,2020
20200818,3,Tuesday,18,231,34,August,Aug,8,3,2020,1,2020
20200819,4,Wednesday,19,232,34,August,Aug,8,3,2020,1,2020
20200820,5,Thursday,20,233,34,August,Aug,8,3,2020,1,2020
20200821,6,Friday,21,234,34,August,Aug,8,3,2020,1,2020
20200822,7,Saturday,22,235,34,August,Aug,8,3,2020,1,2020
20200823,1,Sunday,23,236,35,August,Aug,8,3,2020,1,2020
20200824,2,Monday,24,237,35,August,Aug,8,3,2020,1,2020
20200825,3,Tuesday,25,238,35,August,Aug,8,3,2020,1,2020
20200826,4,Wednesday,26,239,35,August,Aug,8,3,2020,1,2020
20200827,5,Thursday,27,240,35,August,Aug,8,3,2020,1,2020
20200828,6,Friday,28,241,35,August,Aug,8,3,2020,1,2020
20200829,7,Saturday,29,242,35,August,Aug,8,3,2020,1,2020
20200830,1,Sunday,30,243,36,August,Aug,8,3,2020,1,2020
20200831,2,Monday,31,244,36,August,Aug,8,3,2020,1,2020
20200901,3,Tuesday,1,245,36,September,Sep,9,3,2020,1,2020
20200902,4,Wednesday,2,246,36,September,Sep,9,3,2020,1,2020
20200903,5,Thursday,3,247,36,September,Sep,9,3,2020,1,2020
20200904,6,Friday,4,248,36,September,Sep,9,3,2020,1,2020
20200905,7,Saturday,5,249,36,September,Sep,9,3,2020,1,2020
20200906,1,Sunday,6,250,37,September,Sep,9,3,2020,1,2020
20200907,2,Monday,7,251,37,September,Sep,9,3,2020,1,2020
20200908,3,Tuesday,8,252,37,September,Sep,9,3,2020,1,2020
20200909,4,Wednesday,9,253,37,September,Sep,9,3,2020,1,2020
20200910,5,Thursday,10,254,37,September,Sep,9,3,2020,1,2020
20200911,6,Friday,11,255,37,September,Sep,9,3,2020,1,2020
20200912,7,Saturday,12,256,37,September,Sep,9,3,2020,1,2020
20200913,1,Sunday,13,257,38,September,Sep,9,3,2020,1,2020
20200914,2,Monday,14,258,38,September,Sep,9,3,2020,1,2020
20200915,3,Tuesday,15,259,38,September,Sep,9,3,2020,1,2020
20200916,4,Wednesday,16,260,38,September,Sep,9,3,2020,1,2020
20200917,5,Thursday,17,261,38,September,Sep,9,3,2020,1,2020
20200918,6,Friday,18,262,38,September,Sep,9,3,2020,1,2020
20200919,7,Saturday,19,263,38,September,Sep,9,3,2020,1,2020
20200920,1,Sunday,20,264,39,September,Sep,9,3,2020,1,2020
20200921,2,Monday,21,265,39,September,Sep,9,3,2020,1,2020
20200922,3,Tuesday,22,266,39,September,Sep,9,3,2020,1,2020
20200923,4,Wednesday,23,267,39,September,Sep,9,3,2020,1,2020
20200924,5,Thursday,24,268,39,September,Sep,9,3,2020,1,2020
20200925,6,Friday,25,269,39,September,Sep,9,3,2020,1,2020
20200926,7,Saturday,26,270,39,September,Sep,9,3,2020,1,2020
20200927,1,Sunday,27,271,40,September,Sep,9,3,2020,1,2020
20200928,2,Monday,28,272,40,September,Sep,9,3,2020,1,2020
20200929,3,Tuesday,29,273,40,September,Sep,9,3,2020,1,2020
20200930,4,Wednesday,30,274,40,September,Sep,9,3,2020,1,2020
20201001,5,Thursday,1,275,40,October,Oct,10,4,2020,2,2020
20201002,6,Friday,2,276,40,October,Oct,10,4,2020,2,2020
20201003,7,Saturday,3,277,40,October,Oct,10,4,2020,2,2020
20201004,1,Sunday,4,278,41,October,Oct,10,4,2020,2,2020
20201005,2,Monday,5,279,41,October,Oct,10,4,2020,2,2020
20201006,3,Tuesday,6,280,41,October,Oct,10,4,2020,2,2020
20201007,4,Wednesday,7,281,41,October,Oct,10,4,2020,2,2020
20201008,5,Thursday,8,282,41,October,Oct,10,4,2020,2,2020
20201009,6,Friday,9,283,41,October,Oct,10,4,2020,2,2020
20201010,7,Saturday,10,284,41,October,Oct,10,4,2020,2,2020
20201011,1,Sunday,11,285,42,October,Oct,10,4,2020,2,2020
20201012,2,Monday,12,286,42,October,Oct,10,4,2020,2,2020
20201013,3,Tuesday,13,287,42,October,Oct,10,4,2020,2,2020
20201014,4,Wednesday,14,288,42,October,Oct,10,4,2020,2,2020
20201015,5,Thursday,15,289,42,October,Oct,10,4,2020,2,2020
20201016,6,Friday,16,290,42,October,Oct,10,4,2020,2,2020
20201017,7,Saturday,17,291,42,October,Oct,10,4,2020,2,2020
20201018,1,Sunday,18,292,43,October,Oct,10,4,2020,2,2020
20201019,2,Monday,19,293,43,October,Oct,10,4,2020,2,2020
20201020,3,Tuesday,20,294,43,October,Oct,10,4,2020,2,2020
20201021,4,Wednesday,21,295,43,October,Oct,10,4,2020,2,2020
20201022,5,Thursday,22,296,43,October,Oct,10,4,2020,2,2020
20201023,6,Friday,23,297,43,October,Oct,10,4,2020,2,2020
20201024,7,Saturday,24,298,43,October,Oct,10,4,2020,2,2020
20201025,1,Sunday,25,299,44,October,Oct,10,4,2020,2,2020
20201026,2,Monday,26,300,44,October,Oct,10,4,2020,2,2020
20201027,3,Tuesday,27,301,44,October,Oct,10,4,2020,2,2020
20201028,4,Wednesday,28,302,44,October,Oct,10,4,2020,2,2020
20201029,5,Thursday,29,303,44,October,Oct,10,4,2020,2,2020
20201030,6,Friday,30,304,44,October,Oct,10,4,2020,2,2020
20201031,7,Saturday,31,305,44,October,Oct,10,4,2020,2,2020
20201101,1,Sunday,1,306,45,November,Nov,11,4,2020,2,2020
20201102,2,Monday,2,307,45,November,Nov,11,4,2020,2,2020
20201103,3,Tuesday,3,308,45,November,Nov,11,4,2020,2,2020
20201104,4,Wednesday,4,309,45,November,Nov,11,4,2020,2,2020
20201105,5,Thursday,5,310,45,November,Nov,11,4,2020,2,2020
20201106,6,Friday,6,311,45,November,Nov,11,4,2020,2,2020
20201107,7,Saturday,7,312,45,November,Nov,11,4,2020,2,2020
20201108,1,Sunday,8,313,46,November,Nov,11,4,2020,2,2020
20201109,2,Monday,9,314,46,November,Nov,11,4,2020,2,2020
20201110,3,Tuesday,10,315,46,November,Nov,11,4,2020,2,2020
20201111,4,Wednesday,11,316,46,November,Nov,11,4,2020,2,2020
20201112,5,Thursday,12,317,46,November,Nov,11,4,2020,2,2020
20201113,6,Friday,13,318,46,November,Nov,11,4,2020,2,2020
20201114,7,Saturday,14,319,46,November,Nov,11,4,2020,2,2020
20201115,1,Sunday,15,320,47,November,Nov,11,4,2020,2,2020
20201116,2,Monday,16,321,47,November,Nov,11,4,2020,2,2020
20201117,3,Tuesday,17,322,47,November,Nov,11,4,2020,2,2020
20201118,4,Wednesday,18,323,47,November,Nov,11,4,2020,2,2020
20201119,5,Thursday,19,324,47,November,Nov,11,4,2020,2,2020
20201120,6,Friday,20,325,47,November,Nov,11,4,2020,2,2020
20201121,7,Saturday,21,326,47,November,Nov,11,4,2020,2,2020
20201122,1,Sunday,22,327,48,November,Nov,11,4,2020,2,2020
20201123,2,Monday,23,328,48,November,Nov,11,4,2020,2,2020
20201124,3,Tuesday,24,329,48,November,Nov,11,4,2020,2,2020
20201125,4,Wednesday,25,330,48,November,Nov,11,4,2020,2,2020
20201126,5,Thursday,26,331,48,November,Nov,11,4,2020,2,2020
20201127,6,Friday,27,332,48,November,Nov,11,4,2020,2,2020
20201128,7,Saturday,28,333,48,November,Nov,11,4,2020,2,2020
20201129,1,Sunday,29,334,49,November,Nov,11,4,2020,2,2020
20201130,2,Monday,30,335,49,November,Nov,11,4,2020,2,2020
20201201,3,Tuesday,1,336,49,December,Dec,12,4,2020,2,2020
20201202,4,Wednesday,2,337,49,December,Dec,12,4,2020,2,2020
20201203,5,Thursday,3,338,49,December,Dec,12,4,2020,2,2020
20201204,6,Friday,4,339,49,December,Dec,12,4,2020,2,2020
20201205,7,Saturday,5,340,49,December,Dec,12,4,2020,2,2020
20201206,1,Sunday,6,341,50,December,Dec,12,4,2020,2,2020
20201207,2,Monday,7,342,50,December,Dec,12,4,2020,2,2020
20201208,3,Tuesday,8,343,50,December,Dec,12,4,2020,2,2020
20201209,4,Wednesday,9,344,50,December,Dec,12,4,2020,2,2020
20201210,5,Thursday,10,345,50,December,Dec,12,4,2020,2,2020
20201211,6,Friday,11,346,50,December,Dec,12,4,2020,2,2020
20201212,7,Saturday,12,347,50,December,Dec,12,4,2020,2,2020
20201213,1,Sunday,13,348,51,December,Dec,12,4,2020,2,2020
20201214,2,Monday,14,349,51,December,Dec,12,4,2020,2,2020
20201215,3,Tuesday,15,350,51,December,Dec,12,4,2020,2,2020
20201216,4,Wednesday,16,351,51,December,Dec,12,4,2020,2,2020
20201217,5,Thursday,17,352,51,December,Dec,12,4,2020,2,2020
20201218,6,Friday,18,353,51,December,Dec,12,4,2020,2,2020
20201219,7,Saturday,19,354,51,December,Dec,12,4,2020,2,2020
20201220,1,Sunday,20,355,52,December,Dec,12,4,2020,2,2020
20201221,2,Monday,21,356,52,December,Dec,12,4,2020,2,2020
20201222,3,Tuesday,22,357,52,December,Dec,12,4,2020,2,2020
20201223,4,Wednesday,23,358,52,December,Dec,12,4,2020,2,2020
20201224,5,Thursday,24,359,52,December,Dec,12,4,2020,2,2020
20201225,6,Friday,25,360,52,December,Dec,12,4,2020,2,2020
20201226,7,Saturday,26,361,52,December,Dec,12,4,2020,2,2020
20201227,1,Sunday,27,362,53,December,Dec,12,4,2020,2,2020
20201228,2,Monday,28,363,53,December,Dec,12,4,2020,2,2020
20201229,3,Tuesday,29,364,53,December,Dec,12,4,2020,2,2020
20201230,4,Wednesday,30,365,53,December,Dec,12,4,2020,2,2020
20201231,5,Thursday,31,366,53,December,Dec,12,4,2020,2,2020
20210101,6,Friday,1,1,1,January,Jan,1,1,2021,3,2020
20210102,7,Saturday,2,2,1,January,Jan,1,1,2021,3,2020
20210103,1,Sunday,3,3,2,January,Jan,1,1,2021,3,2020
20210104,2,Monday,4,4,2,January,Jan,1,1,2021,3,2020
20210105,3,Tuesday,5,5,2,January,Jan,1,1,2021,3,2020
20210106,4,Wednesday,6,6,2,January,Jan,1,1,2021,3,2020
20210107,5,Thursday,7,7,2,January,Jan,1,1,2021,3,2020
20210108,6,Friday,8,8,2,January,Jan,1,1,2021,3,2020
20210109,7,Saturday,9,9,2,January,Jan,1,1,2021,3,2020
20210110,1,Sunday,10,10,3,January,Jan,1,1,2021,3,2020
20210111,2,Monday,11,11,3,January,Jan,1,1,2021,3,2020
20210112,3,Tuesday,12,12,3,January,Jan,1,1,2021,3,2020
20210113,4,Wednesday,13,13,3,January,Jan,1,1,2021,3,2020
20210114,5,Thursday,14,14,3,January,Jan,1,1,2021,3,2020
20210115,6,Friday,15,15,3,January,Jan,1,1,2021,3,2020
20210116,7,Saturday,16,16,3,January,Jan,1,1,2021,3,2020
20210117,1,Sunday,17,17,4,January,Jan,1,1,2021,3,2020
20210118,2,Monday,18,18,4,January,Jan,1,1,2021,3,2020
20210119,3,Tuesday,19,19,4,January,Jan,1,1,2021,3,2020
20210120,4,Wednesday,20,20,4,January,Jan,1,1,2021,3,2020
20210121,5,Thursday,21,21,4,January,Jan,1,1,2021,3,2020
20210122,6,Friday,22,22,4,January,Jan,1,1,2021,3,2020
20210123,7,Saturday,23,23,4,January,Jan,1,1,2021,3,2020
20210124,1,Sunday,24,24,5,January,Jan,1,1,2021,3,2020
20210125,2,Monday,25,25,5,January,Jan,1,1,2021,3,2020
20210126,3,Tuesday,26,26,5,January,Jan,1,1,2021,3,2020
20210127,4,Wednesday,27,27,5,January,Jan,1,1,2021,3,2020
20210128,5,Thursday,28,28,5,January,Jan,1,1,2021,3,2020
20210129,6,Friday,29,29,5,January,Jan,1,1,2021,3,2020
20210130,7,Saturday,30,30,5,January,Jan,1,1,2021,3,2020
20210131,1,Sunday,31,31,6,January,Jan,1,1,2021,3,2020
20210201,2,Monday,1,32,6,February,Feb,2,1,2021,3,2020
20210202,3,Tuesday,2,33,6,February,Feb,2,1,2021,3,2020
20210203,4,Wednesday,3,34,6,February,Feb,2,1,2021,3,2020
20210204,5,Thursday,4,35,6,February,Feb,2,1,2021,3,2020
20210205,6,Friday,5,36,6,February,Feb,2,1,2021,3,2020
20210206,7,Saturday,6,37,6,February,Feb,2,1,2021,3,2020
20210207,1,Sunday,7,38,7,February,Feb,2,1,2021,3,2020
20210208,2,Monday,8,39,7,February,Feb,2,1,2021,3,2020
20210209,3,Tuesday,9,40,7,February,Feb,2,1,2021,3,2020
20210210,4,Wednesday,10,41,7,February,Feb,2,1,2021,3,2020
20210211,5,Thursday,11,42,7,February,Feb,2,1,2021,3,2020
20210212,6,Friday,12,43,7,February,Feb,2,1,2021,3,2020
20210213,7,Saturday,13,44,7,February,Feb,2,1,2021,3,2020
20210214,1,Sunday,14,45,8,February,Feb,2,1,2021,3,2020
20210215,2,Monday,15,46,8,February,Feb,2,1,2021,3,2020
20210216,3,Tuesday,16,47,8,February,Feb,2,1,2021,3,2020
20210217,4,Wednesday,17,48,8,February,Feb,2,1,2021,3,2020
20210218,5,Thursday,18,49,8,February,Feb,2,1,2021,3,2020
20210219,6,Friday,19,50,8,February,Feb,2,1,2021,3,2020
20210220,7,Saturday,20,51,8,February,Feb,2,1,2021,3,2020
20210221,1,Sunday,21,52,9,February,Feb,2,1,2021,3,2020
20210222,2,Monday,22,53,9,February,Feb,2,1,2021,3,2020
20210223,3,Tuesday,23,54,9,February,Feb,2,1,2021,3,2020
20210224,4,Wednesday,24,55,9,February,Feb,2,1,2021,3,2020
20210225,5,Thursday,25,56,9,February,Feb,2,1,2021,3,2020
20210226,6,Friday,26,57,9,February,Feb,2,1,2021,3,2020
20210227,7,Saturday,27,58,9,February,Feb,2,1,2021,3,2020
20210228,1,Sunday,28,59,10,February,Feb,2,1,2021,3,2020
20210301,2,Monday,1,60,10,March,Mar,3,1,2021,3,2020
20210302,3,Tuesday,2,61,10,March,Mar,3,1,2021,3,2020
20210303,4,Wednesday,3,62,10,March,Mar,3,1,2021,3,2020
20210304,5,Thursday,4,63,10,March,Mar,3,1,2021,3,2020
20210305,6,Friday,5,64,10,March,Mar,3,1,2021,3,2020
20210306,7,Saturday,6,65,10,March,Mar,3,1,2021,3,2020
20210307,1,Sunday,7,66,11,March,Mar,3,1,2021,3,2020
20210308,2,Monday,8,67,11,March,Mar,3,1,2021,3,2020
20210309,3,Tuesday,9,68,11,March,Mar,3,1,2021,3,2020
20210310,4,Wednesday,10,69,11,March,Mar,3,1,2021,3,2020
20210311,5,Thursday,11,70,11,March,Mar,3,1,2021,3,2020
20210312,6,Friday,12,71,11,March,Mar,3,1,2021,3,2020
20210313,7,Saturday,13,72,11,March,Mar,3,1,2021,3,2020
20210314,1,Sunday,14,73,12,March,Mar,3,1,2021,3,2020
20210315,2,Monday,15,74,12,March,Mar,3,1,2021,3,2020
20210316,3,Tuesday,16,75,12,March,Mar,3,1,2021,3,2020
20210317,4,Wednesday,17,76,12,March,Mar,3,1,2021,3,2020
20210318,5,Thursday,18,77,12,March,Mar,3,1,2021,3,2020
20210319,6,Friday,19,78,12,March,Mar,3,1,2021,3,2020
20210320,7,Saturday,20,79,12,March,Mar,3,1,2021,3,2020
20210321,1,Sunday,21,80,13,March,Mar,3,1,2021,3,2020
20210322,2,Monday,22,81,13,March,Mar,3,1,2021,3,2020
20210323,3,Tuesday,23,82,13,March,Mar,3,1,2021,3,2020
20210324,4,Wednesday,24,83,13,March,Mar,3,1,2021,3,2020
20210325,5,Thursday,25,84,13,March,Mar,3,1,2021,3,2020
20210326,6,Friday,26,85,13,March,Mar,3,1,2021,3,2020
20210327,7,Saturday,27,86,13,March,Mar,3,1,2021,3,2020
20210328,1,Sunday,28,87,14,March,Mar,3,1,2021,3,2020
20210329,2,Monday,29,88,14,March,Mar,3,1,2021,3,2020
20210330,3,Tuesday,30,89,14,March,Mar,3,1,2021,3,2020
20210331,4,Wednesday,31,90,14,March,Mar,3,1,2021,3,2020
20210401,5,Thursday,1,91,14,April,Apr,4,2,2021,4,2020
20210402,6,Friday,2,92,14,April,Apr,4,2,2021,4,2020
20210403,7,Saturday,3,93,14,April,Apr,4,2,2021,4,2020
20210404,1,Sunday,4,94,15,April,Apr,4,2,2021,4,2020
20210405,2,Monday,5,95,15,April,Apr,4,2,2021,4,2020
20210406,3,Tuesday,6,96,15,April,Apr,4,2,2021,4,2020
20210407,4,Wednesday,7,97,15,April,Apr,4,2,2021,4,2020
20210408,5,Thursday,8,98,15,April,Apr,4,2,2021,4,2020
20210409,6,Friday,9,99,15,April,Apr,4,2,2021,4,2020
20210410,7,Saturday,10,100,15,April,Apr,4,2,2021,4,2020
20210411,1,Sunday,11,101,16,April,Apr,4,2,2021,4,2020
20210412,2,Monday,12,102,16,April,Apr,4,2,2021,4,2020
20210413,3,Tuesday,13,103,16,April,Apr,4,2,2021,4,2020
20210414,4,Wednesday,14,104,16,April,Apr,4,2,2021,4,2020
20210415,5,Thursday,15,105,16,April,Apr,4,2,2021,4,2020
20210416,6,Friday,16,106,16,April,Apr,4,2,2021,4,2020
20210417,7,Saturday,17,107,16,April,Apr,4,2,2021,4,2020
20210418,1,Sunday,18,108,17,April,Apr,4,2,2021,4,2020
20210419,2,Monday,19,109,17,April,Apr,4,2,2021,4,2020
20210420,3,Tuesday,20,110,17,April,Apr,4,2,2021,4,2020
20210421,4,Wednesday,21,111,17,April,Apr,4,2,2021,4,2020
20210422,5,Thursday,22,112,17,April,Apr,4,2,2021,4,2020
20210423,6,Friday,23,113,17,April,Apr,4,2,2021,4,2020
20210424,7,Saturday,24,114,17,April,Apr,4,2,2021,4,2020
20210425,1,Sunday,25,115,18,April,Apr,4,2,2021,4,2020
20210426,2,Monday,26,116,18,April,Apr,4,2,2021,4,2020
20210427,3,Tuesday,27,117,18,April,Apr,4,2,2021,4,2020
20210428,4,Wednesday,28,118,18,April,Apr,4,2,2021,4,2020
20210429,5,Thursday,29,119,18,April,Apr,4,2,2021,4,2020
20210430,6,Friday,30,120,18,April,Apr,4,2,2021,4,2020
20210501,7,Saturday,1,121,18,May,May,5,2,2021,4,2020
20210502,1,Sunday,2,122,19,May,May,5,2,2021,4,2020
20210503,2,Monday,3,123,19,May,May,5,2,2021,4,2020
20210504,3,Tuesday,4,124,19,May,May,5,2,2021,4,2020
20210505,4,Wednesday,5,125,19,May,May,5,2,2021,4,2020
20210506,5,Thursday,6,126,19,May,May,5,2,2021,4,2020
20210507,6,Friday,7,127,19,May,May,5,2,2021,4,2020
20210508,7,Saturday,8,128,19,May,May,5,2,2021,4,2020
20210509,1,Sunday,9,129,20,May,May,5,2,2021,4,2020
20210510,2,Monday,10,130,20,May,May,5,2,2021,4,2020
20210511,3,Tuesday,11,131,20,May,May,5,2,2021,4,2020
20210512,4,Wednesday,12,132,20,May,May,5,2,2021,4,2020
20210513,5,Thursday,13,133,20,May,May,5,2,2021,4,2020
20210514,6,Friday,14,134,20,May,May,5,2,2021,4,2020
20210515,7,Saturday,15,135,20,May,May,5,2,2021,4,2020
20210516,1,Sunday,16,136,21,May,May,5,2,2021,4,2020
20210517,2,Monday,17,137,21,May,May,5,2,2021,4,2020
20210518,3,Tuesday,18,138,21,May,May,5,2,2021,4,2020
20210519,4,Wednesday,19,139,21,May,May,5,2,2021,4,2020
20210520,5,Thursday,20,140,21,May,May,5,2,2021,4,2020
20210521,6,Friday,21,141,21,May,May,5,2,2021,4,2020
20210522,7,Saturday,22,142,21,May,May,5,2,2021,4,2020
20210523,1,Sunday,23,143,22,May,May,5,2,2021,4,2020
20210524,2,Monday,24,144,22,May,May,5,2,2021,4,2020
20210525,3,Tuesday,25,145,22,May,May,5,2,2021,4,2020
20210526,4,Wednesday,26,146,22,May,May,5,2,2021,4,2020
20210527,5,Thursday,27,147,22,May,May,5,2,2021,4,2020
20210528,6,Friday,28,148,22,May,May,5,2,2021,4,2020
20210529,7,Saturday,29,149,22,May,May,5,2,2021,4,2020
20210530,1,Sunday,30,150,23,May,May,5,2,2021,4,2020
20210531,2,Monday,31,151,23,May,May,5,2,2021,4,2020
20210601,3,Tuesday,1,152,23,June,Jun,6,2,2021,4,2020
20210602,4,Wednesday,2,153,23,June,Jun,6,2,2021,4,2020
20210603,5,Thursday,3,154,23,June,Jun,6,2,2021,4,2020
20210604,6,Friday,4,155,23,June,Jun,6,2,2021,4,2020
20210605,7,Saturday,5,156,23,June,Jun,6,2,2021,4,2020
20210606,1,Sunday,6,157,24,June,Jun,6,2,2021,4,2020
20210607,2,Monday,7,158,24,June,Jun,6,2,2021,4,2020
20210608,3,Tuesday,8,159,24,June,Jun,6,2,2021,4,2020
20210609,4,Wednesday,9,160,24,June,Jun,6,2,2021,4,2020
20210610,5,Thursday,10,161,24,June,Jun,6,2,2021,4,2020
20210611,6,Friday,11,162,24,June,Jun,6,2,2021,4,2020
20210612,7,Saturday,12,163,24,June,Jun,6,2,2021,4,2020
20210613,1,Sunday,13,164,25,June,Jun,6,2,2021,4,2020
20210614,2,Monday,14,165,25,June,Jun,6,2,2021,4,2020
20210615,3,Tuesday,15,166,25,June,Jun,6,2,2021,4,2020
20210616,4,Wednesday,16,167,25,June,Jun,6,2,2021,4,2020
20210617,5,Thursday,17,168,25,June,Jun,6,2,2021,4,2020
20210618,6,Friday,18,169,25,June,Jun,6,2,2021,4,2020
20210619,7,Saturday,19,170,25,June,Jun,6,2,2021,4,2020
20210620,1,Sunday,20,171,26,June,Jun,6,2,2021,4,2020
20210621,2,Monday,21,172,26,June,Jun,6,2,2021,4,2020
20210622,3,Tuesday,22,173,26,June,Jun,6,2,2021,4,2020
20210623,4,Wednesday,23,174,26,June,Jun,6,2,2021,4,2020
20210624,5,Thursday,24,175,26,June,Jun,6,2,2021,4,2020
20210625,6,Friday,25,176,26,June,Jun,6,2,2021,4,2020
20210626,7,Saturday,26,177,26,June,Jun,6,2,2021,4,2020
20210627,1,Sunday,27,178,27,June,Jun,6,2,2021,4,2020
20210628,2,Monday,28,179,27,June,Jun,6,2,2021,4,2020
20210629,3,Tuesday,29,180,27,June,Jun,6,2,2021,4,2020
20210630,4,Wednesday,30,181,27,June,Jun,6,2,2021,4,2020
20210701,5,Thursday,1,182,27,July,Jul,7,3,2021,1,2021
20210702,6,Friday,2,183,27,July,Jul,7,3,2021,1,2021
20210703,7,Saturday,3,184,27,July,Jul,7,3,2021,1,2021
20210704,1,Sunday,4,185,28,July,Jul,7,3,2021,1,2021
20210705,2,Monday,5,186,28,July,Jul,7,3,2021,1,2021
20210706,3,Tuesday,6,187,28,July,Jul,7,3,2021,1,2021
20210707,4,Wednesday,7,188,28,July,Jul,7,3,2021,1,2021
20210708,5,Thursday,8,189,28,July,Jul,7,3,2021,1,2021
20210709,6,Friday,9,190,28,July,Jul,7,3,2021,1,2021
20210710,7,Saturday,10,191,28,July,Jul,7,3,2021,1,2021
20210711,1,Sunday,11,192,29,July,Jul,7,3,2021,1,2021
20210712,2,Monday,12,193,29,July,Jul,7,3,2021,1,2021
20210713,3,Tuesday,13,194,29,July,Jul,7,3,2021,1,2021
20210714,4,Wednesday,14,195,29,July,Jul,7,3,2021,1,2021
20210715,5,Thursday,15,196,29,July,Jul,7,3,2021,1,2021
20210716,6,Friday,16,197,29,July,Jul,7,3,2021,1,2021
20210717,7,Saturday,17,198,29,July,Jul,7,3,2021,1,2021
20210718,1,Sunday,18,199,30,July,Jul,7,3,2021,1,2021
20210719,2,Monday,19,200,30,July,Jul,7,3,2021,1,2021
20210720,3,Tuesday,20,201,30,July,Jul,7,3,2021,1,2021
20210721,4,Wednesday,21,202,30,July,Jul,7,3,2021,1,2021
20210722,5,Thursday,22,203,30,July,Jul,7,3,2021,1,2021
20210723,6,Friday,23,204,30,July,Jul,7,3,2021,1,2021
20210724,7,Saturday,24,205,30,July,Jul,7,3,2021,1,2021
20210725,1,Sunday,25,206,31,July,Jul,7,3,2021,1,2021
20210726,2,Monday,26,207,31,July,Jul,7,3,2021,1,2021
20210727,3,Tuesday,27,208,31,July,Jul,7,3,2021,1,2021
20210728,4,Wednesday,28,209,31,July,Jul,7,3,2021,1,2021
20210729,5,Thursday,29,210,31,July,Jul,7,3,2021,1,2021
20210730,6,Friday,30,211,31,July,Jul,7,3,2021,1,2021
20210731,7,Saturday,31,212,31,July,Jul,7,3,2021,1,2021
20210801,1,Sunday,1,213,32,August,Aug,8,3,2021,1,2021
20210802,2,Monday,2,214,32,August,Aug,8,3,2021,1,2021
20210803,3,Tuesday,3,215,32,August,Aug,8,3,2021,1,2021
20210804,4,Wednesday,4,216,32,August,Aug,8,3,2021,1,2021
20210805,5,Thursday,5,217,32,August,Aug,8,3,2021,1,2021
20210806,6,Friday,6,218,32,August,Aug,8,3,2021,1,2021
20210807,7,Saturday,7,219,32,August,Aug,8,3,2021,1,2021
20210808,1,Sunday,8,220,33,August,Aug,8,3,2021,1,2021
20210809,2,Monday,9,221,33,August,Aug,8,3,2021,1,2021
20210810,3,Tuesday,10,222,33,August,Aug,8,3,2021,1,2021
20210811,4,Wednesday,11,223,33,August,Aug,8,3,2021,1,2021
20210812,5,Thursday,12,224,33,August,Aug,8,3,2021,1,2021
20210813,6,Friday,13,225,33,August,Aug,8,3,2021,1,2021
20210814,7,Saturday,14,226,33,August,Aug,8,3,2021,1,2021
20210815,1,Sunday,15,227,34,August,Aug,8,3,2021,1,2021
20210816,2,Monday,16,228,34,August,Aug,8,3,2021,1,2021
20210817,3,Tuesday,17,229,34,August,Aug,8,3,2021,1,2021
20210818,4,Wednesday,18,230,34,August,Aug,8,3,2021,1,2021
20210819,5,Thursday,19,231,34,August,Aug,8,3,2021,1,2021
20210820,6,Friday,20,232,34,August,Aug,8,3,2021,1,2021
20210821,7,Saturday,21,233,34,August,Aug,8,3,2021,1,2021
20210822,1,Sunday,22,234,35,August,Aug,8,3,2021,1,2021
20210823,2,Monday,23,235,35,August,Aug,8,3,2021,1,2021
20210824,3,Tuesday,24,236,35,August,Aug,8,3,2021,1,2021
20210825,4,Wednesday,25,237,35,August,Aug,8,3,2021,1,2021
20210826,5,Thursday,26,238,35,August,Aug,8,3,2021,1,2021
20210827,6,Friday,27,239,35,August,Aug,8,3,2021,1,2021
20210828,7,Saturday,28,240,35,August,Aug,8,3,2021,1,2021
20210829,1,Sunday,29,241,36,August,Aug,8,3,2021,1,2021
20210830,2,Monday,30,242,36,August,Aug,8,3,2021,1,2021
20210831,3,Tuesday,31,243,36,August,Aug,8,3,2021,1,2021
20210901,4,Wednesday,1,244,36,September,Sep,9,3,2021,1,2021
20210902,5,Thursday,2,245,36,September,Sep,9,3,2021,1,2021
20210903,6,Friday,3,246,36,September,Sep,9,3,2021,1,2021
20210904,7,Saturday,4,247,36,September,Sep,9,3,2021,1,2021
20210905,1,Sunday,5,248,37,September,Sep,9,3,2021,1,2021
20210906,2,Monday,6,249,37,September,Sep,9,3,2021,1,2021
20210907,3,Tuesday,7,250,37,September,Sep,9,3,2021,1,2021
20210908,4,Wednesday,8,251,37,September,Sep,9,3,2021,1,2021
20210909,5,Thursday,9,252,37,September,Sep,9,3,2021,1,2021
20210910,6,Friday,10,253,37,September,Sep,9,3,2021,1,2021
20210911,7,Saturday,11,254,37,September,Sep,9,3,2021,1,2021
20210912,1,Sunday,12,255,38,September,Sep,9,3,2021,1,2021
20210913,2,Monday,13,256,38,September,Sep,9,3,2021,1,2021
20210914,3,Tuesday,14,257,38,September,Sep,9,3,2021,1,2021
20210915,4,Wednesday,15,258,38,September,Sep,9,3,2021,1,2021
20210916,5,Thursday,16,259,38,September,Sep,9,3,2021,1,2021
20210917,6,Friday,17,260,38,September,Sep,9,3,2021,1,2021
20210918,7,Saturday,18,261,38,September,Sep,9,3,2021,1,2021
20210919,1,Sunday,19,262,39,September,Sep,9,3,2021,1,2021
20210920,2,Monday,20,263,39,September,Sep,9,3,2021,1,2021
20210921,3,Tuesday,21,264,39,September,Sep,9,3,2021,1,2021
20210922,4,Wednesday,22,265,39,September,Sep,9,3,2021,1,2021
20210923,5,Thursday,23,266,39,September,Sep,9,3,2021,1,2021
20210924,6,Friday,24,267,39,September,Sep,9,3,2021,1,2021
20210925,7,Saturday,25,268,39,September,Sep,9,3,2021,1,2021
20210926,1,Sunday,26,269,40,September,Sep,9,3,2021,1,2021
20210927,2,Monday,27,270,40,September,Sep,9,3,2021,1,2021
20210928,3,Tuesday,28,271,40,September,Sep,9,3,2021,1,2021
20210929,4,Wednesday,29,272,40,September,Sep,9,3,2021,1,2021
20210930,5,Thursday,30,273,40,September,Sep,9,3,2021,1,2021
20211001,6,Friday,1,274,40,October,Oct,10,4,2021,2,2021
20211002,7,Saturday,2,275,40,October,Oct,10,4,2021,2,2021
20211003,1,Sunday,3,276,41,October,Oct,10,4,2021,2,2021
20211004,2,Monday,4,277,41,October,Oct,10,4,2021,2,2021
20211005,3,Tuesday,5,278,41,October,Oct,10,4,2021,2,2021
20211006,4,Wednesday,6,279,41,October,Oct,10,4,2021,2,2021
20211007,5,Thursday,7,280,41,October,Oct,10,4,2021,2,2021
20211008,6,Friday,8,281,41,October,Oct,10,4,2021,2,2021
20211009,7,Saturday,9,282,41,October,Oct,10,4,2021,2,2021
20211010,1,Sunday,10,283,42,October,Oct,10,4,2021,2,2021
20211011,2,Monday,11,284,42,October,Oct,10,4,2021,2,2021
20211012,3,Tuesday,12,285,42,October,Oct,10,4,2021,2,2021
20211013,4,Wednesday,13,286,42,October,Oct,10,4,2021,2,2021
20211014,5,Thursday,14,287,42,October,Oct,10,4,2021,2,2021
20211015,6,Friday,15,288,42,October,Oct,10,4,2021,2,2021
20211016,7,Saturday,16,289,42,October,Oct,10,4,2021,2,2021
20211017,1,Sunday,17,290,43,October,Oct,10,4,2021,2,2021
20211018,2,Monday,18,291,43,October,Oct,10,4,2021,2,2021
20211019,3,Tuesday,19,292,43,October,Oct,10,4,2021,2,2021
20211020,4,Wednesday,20,293,43,October,Oct,10,4,2021,2,2021
20211021,5,Thursday,21,294,43,October,Oct,10,4,2021,2,2021
20211022,6,Friday,22,295,43,October,Oct,10,4,2021,2,2021
20211023,7,Saturday,23,296,43,October,Oct,10,4,2021,2,2021
20211024,1,Sunday,24,297,44,October,Oct,10,4,2021,2,2021
20211025,2,Monday,25,298,44,October,Oct,10,4,2021,2,2021
20211026,3,Tuesday,26,299,44,October,Oct,10,4,2021,2,2021
20211027,4,Wednesday,27,300,44,October,Oct,10,4,2021,2,2021
20211028,5,Thursday,28,301,44,October,Oct,10,4,2021,2,2021
20211029,6,Friday,29,302,44,October,Oct,10,4,2021,2,2021
20211030,7,Saturday,30,303,44,October,Oct,10,4,2021,2,2021
20211031,1,Sunday,31,304,45,October,Oct,10,4,2021,2,2021
20211101,2,Monday,1,305,45,November,Nov,11,4,2021,2,2021
20211102,3,Tuesday,2,306,45,November,Nov,11,4,2021,2,2021
20211103,4,Wednesday,3,307,45,November,Nov,11,4,2021,2,2021
20211104,5,Thursday,4,308,45,November,Nov,11,4,2021,2,2021
20211105,6,Friday,5,309,45,November,Nov,11,4,2021,2,2021
20211106,7,Saturday,6,310,45,November,Nov,11,4,2021,2,2021
20211107,1,Sunday,7,311,46,November,Nov,11,4,2021,2,2021
20211108,2,Monday,8,312,46,November,Nov,11,4,2021,2,2021
20211109,3,Tuesday,9,313,46,November,Nov,11,4,2021,2,2021
20211110,4,Wednesday,10,314,46,November,Nov,11,4,2021,2,2021
20211111,5,Thursday,11,315,46,November,Nov,11,4,2021,2,2021
20211112,6,Friday,12,316,46,November,Nov,11,4,2021,2,2021
20211113,7,Saturday,13,317,46,November,Nov,11,4,2021,2,2021
20211114,1,Sunday,14,318,47,November,Nov,11,4,2021,2,2021
20211115,2,Monday,15,319,47,November,Nov,11,4,2021,2,2021
20211116,3,Tuesday,16,320,47,November,Nov,11,4,2021,2,2021
20211117,4,Wednesday,17,321,47,November,Nov,11,4,2021,2,2021
20211118,5,Thursday,18,322,47,November,Nov,11,4,2021,2,2021
20211119,6,Friday,19,323,47,November,Nov,11,4,2021,2,2021
20211120,7,Saturday,20,324,47,November,Nov,11,4,2021,2,2021
20211121,1,Sunday,21,325,48,November,Nov,11,4,2021,2,2021
20211122,2,Monday,22,326,48,November,Nov,11,4,2021,2,2021
20211123,3,Tuesday,23,327,48,November,Nov,11,4,2021,2,2021
20211124,4,Wednesday,24,328,48,November,Nov,11,4,2021,2,2021
20211125,5,Thursday,25,329,48,November,Nov,11,4,2021,2,2021
20211126,6,Friday,26,330,48,November,Nov,11,4,2021,2,2021
20211127,7,Saturday,27,331,48,November,Nov,11,4,2021,2,2021
20211128,1,Sunday,28,332,49,November,Nov,11,4,2021,2,2021
20211129,2,Monday,29,333,49,November,Nov,11,4,2021,2,2021
20211130,3,Tuesday,30,334,49,November,Nov,11,4,2021,2,2021
20211201,4,Wednesday,1,335,49,December,Dec,12,4,2021,2,2021
20211202,5,Thursday,2,336,49,December,Dec,12,4,2021,2,2021
20211203,6,Friday,3,337,49,December,Dec,12,4,2021,2,2021
20211204,7,Saturday,4,338,49,December,Dec,12,4,2021,2,2021
20211205,1,Sunday,5,339,50,December,Dec,12,4,2021,2,2021
20211206,2,Monday,6,340,50,December,Dec,12,4,2021,2,2021
20211207,3,Tuesday,7,341,50,December,Dec,12,4,2021,2,2021
20211208,4,Wednesday,8,342,50,December,Dec,12,4,2021,2,2021
20211209,5,Thursday,9,343,50,December,Dec,12,4,2021,2,2021
20211210,6,Friday,10,344,50,December,Dec,12,4,2021,2,2021
20211211,7,Saturday,11,345,50,December,Dec,12,4,2021,2,2021
20211212,1,Sunday,12,346,51,December,Dec,12,4,2021,2,2021
20211213,2,Monday,13,347,51,December,Dec,12,4,2021,2,2021
20211214,3,Tuesday,14,348,51,December,Dec,12,4,2021,2,2021
20211215,4,Wednesday,15,349,51,December,Dec,12,4,2021,2,2021
20211216,5,Thursday,16,350,51,December,Dec,12,4,2021,2,2021
20211217,6,Friday,17,351,51,December,Dec,12,4,2021,2,2021
20211218,7,Saturday,18,352,51,December,Dec,12,4,2021,2,2021
20211219,1,Sunday,19,353,52,December,Dec,12,4,2021,2,2021
20211220,2,Monday,20,354,52,December,Dec,12,4,2021,2,2021
20211221,3,Tuesday,21,355,52,December,Dec,12,4,2021,2,2021
20211222,4,Wednesday,22,356,52,December,Dec,12,4,2021,2,2021
20211223,5,Thursday,23,357,52,December,Dec,12,4,2021,2,2021
20211224,6,Friday,24,358,52,December,Dec,12,4,2021,2,2021
20211225,7,Saturday,25,359,52,December,Dec,12,4,2021,2,2021
20211226,1,Sunday,26,360,53,December,Dec,12,4,2021,2,2021
20211227,2,Monday,27,361,53,December,Dec,12,4,2021,2,2021
20211228,3,Tuesday,28,362,53,December,Dec,12,4,2021,2,2021
20211229,4,Wednesday,29,363,53,December,Dec,12,4,2021,2,2021
20211230,5,Thursday,30,364,53,December,Dec,12,4,2021,2,2021
20211231,6,Friday,31,365,53,December,Dec,12,4,2021,2,2021
